PRAGMA foreign_keys=OFF;
BEGIN TRANSACTION;
CREATE TABLE IF NOT EXISTS "players" ("id" INTEGER PRIMARY KEY AUTOINCREMENT NOT NULL, "name" varchar, "goals" integer, "height" integer, "country_id" integer, "previous_team_id" integer);
INSERT INTO players VALUES(1,'ウィル',14,178,2,NULL);
INSERT INTO players VALUES(2,'タクヤ',8,181,1,1);
INSERT INTO players VALUES(3,'マルコ',11,172,3,NULL);
INSERT INTO players VALUES(4,'ケン',12,169,1,NULL);
INSERT INTO players VALUES(5,'マイケル',14,180,2,2);
INSERT INTO players VALUES(6,'ショウ',9,175,1,4);
INSERT INTO players VALUES(7,'フミヤ',3,178,1,NULL);
INSERT INTO players VALUES(8,'ケヴィン',20,188,24,NULL);
INSERT INTO players VALUES(9,'テツヤ',10,165,1,3);
INSERT INTO players VALUES(10,'ツバサ',17,176,1,NULL);
INSERT INTO players VALUES(11,'カリム',4,179,33,4);
INSERT INTO players VALUES(12,'ロベルト',2,170,6,NULL);
INSERT INTO players VALUES(12,'ルーカス',3,183,9,1);
INSERT INTO players VALUES(13,'アユム',7,176,1,2);
INSERT INTO players VALUES(14,'ルイジ',12,190,6,NULL);
INSERT INTO players VALUES(15,'ペレ',19,181,15,NULL);
INSERT INTO players VALUES(16,'ルーク',14,176,9,NULL);
INSERT INTO players VALUES(17,'トーマス',12,181,3,NULL);
INSERT INTO players VALUES(18,'ベン',2,188,2,4);
INSERT INTO players VALUES(19,'ヒカル',6,170,1,NULL);
INSERT INTO players VALUES(20,'ユウヘイ',7,185,1,NULL);
INSERT INTO players VALUES(21,'ブルース',7,168,9,NULL);
INSERT INTO players VALUES(22,'ドメニコ',16,179,43,NULL);
INSERT INTO players VALUES(23,'ダイキ',9,180,1,NULL);
INSERT INTO players VALUES(24,'フェルナンド',25,186,5,1);
INSERT INTO players VALUES(25,'フィリップ',3,172,18,NULL);
INSERT INTO players VALUES(26,'エリック',1,188,3,2);
INSERT INTO players VALUES(27,'ショウタ',5,180,1,NULL);
INSERT INTO players VALUES(28,'ラファエル',17,175,5,NULL);
INSERT INTO players VALUES(29,'ピーター',20,179,20,3);
INSERT INTO players VALUES(30,'カルロス',11,176,44,NULL);

CREATE TABLE IF NOT EXISTS "countries" ("id" INTEGER PRIMARY KEY AUTOINCREMENT NOT NULL, "name" varchar, "rank" integer);
INSERT INTO countries VALUES(1,'日本',55);
INSERT INTO countries VALUES(2,'アメリカ',24);
INSERT INTO countries VALUES(3,'ドイツ',1);
INSERT INTO countries VALUES(4,'エジプト',31);
INSERT INTO countries VALUES(5,'フランス',9);
INSERT INTO countries VALUES(6,'ポルトガル',3);
INSERT INTO countries VALUES(7,'オランダ',20);
INSERT INTO countries VALUES(8,'アイスランド',22);
INSERT INTO countries VALUES(9,'ルーマニア',41);
INSERT INTO countries VALUES(10,'カメルーン',45);
INSERT INTO countries VALUES(11,'ナイジェリア',50);
INSERT INTO countries VALUES(12,'パラグアイ',30);
INSERT INTO countries VALUES(13,'コンゴ民主共和国',36);
INSERT INTO countries VALUES(14,'チュニジア',27);
INSERT INTO countries VALUES(15,'ブラジル',2);
INSERT INTO countries VALUES(16,'オーストラリア',39);
INSERT INTO countries VALUES(17,'メキシコ',16);
INSERT INTO countries VALUES(18,'スイス',8);
INSERT INTO countries VALUES(19,'チリ',10);
INSERT INTO countries VALUES(20,'デンマーク',12);
INSERT INTO countries VALUES(21,'スペイン',6);
INSERT INTO countries VALUES(22,'ペルー',11);
INSERT INTO countries VALUES(23,'スウェーデン',18);	
INSERT INTO countries VALUES(24,'イングランド',15);
INSERT INTO countries VALUES(25,'コロンビア',13);	
INSERT INTO countries VALUES(26,'トルコ',42);	
INSERT INTO countries VALUES(27,'ベネズエラ',52);	
INSERT INTO countries VALUES(28,'ギリシャ',47);	
INSERT INTO countries VALUES(29,'コスタリカ',26);	
INSERT INTO countries VALUES(30,'スロバキア',28);	
INSERT INTO countries VALUES(31,'ウェールズ',19);	
INSERT INTO countries VALUES(32,'クロアチア',17);	
INSERT INTO countries VALUES(33,'イラン',33);	
INSERT INTO countries VALUES(34,'ジャマイカ',54);
INSERT INTO countries VALUES(35,'ブルキナファソ',44);
INSERT INTO countries VALUES(36,'スコットランド',32);
INSERT INTO countries VALUES(37,'ボリビア',49);
INSERT INTO countries VALUES(38,'北アイルランド',25);
INSERT INTO countries VALUES(39,'ベルギー',5);
INSERT INTO countries VALUES(40,'ポーランド',7);
INSERT INTO countries VALUES(41,'チェコ',48);
INSERT INTO countries VALUES(42,'モロッコ',40);
INSERT INTO countries VALUES(43,'イタリア',14);
INSERT INTO countries VALUES(44,'アルゼンチン',4);
INSERT INTO countries VALUES(45,'ハンガリー',53);
INSERT INTO countries VALUES(46,'オーストリア',29);
INSERT INTO countries VALUES(47,'セネガル',23);
INSERT INTO countries VALUES(48,'アイルランド',34);
INSERT INTO countries VALUES(49,'ウクライナ',35);
INSERT INTO countries VALUES(50,'ブルガリア',43);
INSERT INTO countries VALUES(51,'モンテネグロ',46);
INSERT INTO countries VALUES(52,'セルビア',37);
INSERT INTO countries VALUES(53,'ガーナ',51);
INSERT INTO countries VALUES(54,'ボスニア・ヘルツェゴビナ',38);
INSERT INTO countries VALUES(55,'ウルグアイ',21);

CREATE TABLE IF NOT EXISTS "teams" ("id" INTEGER PRIMARY KEY AUTOINCREMENT NOT NULL, "name" varchar);
INSERT INTO teams VALUES(1,'にんじゃドックス');
INSERT INTO teams VALUES(2,'レッドバーズ');
INSERT INTO teams VALUES(3,'忍びベイビーズ');
INSERT INTO teams VALUES(4,'ニューモンキーズ');

DELETE FROM sqlite_sequence;
INSERT INTO sqlite_sequence VALUES('players',30);
COMMIT;
